"UUID"	"IsaacObjectType"	"VersionType"	"ReferencedComponent"	"Status"	"Time"	"Author"	"Module"	"Path"
"82631cdf-374b-417b-9a23-681f012d2ca2"	"Semantic"	"Component Integer"	"fbf054fb-ceaf-5ab8-b946-bbcc4835ce07"	"Active"	"2018-10-10 11:06:37.938"	"f7495b58-6630-3499-a44e-2052b5fcf06c"	"f680c868-f7e5-5d0e-91f2-615eca8f8fd2"	"1f200ca6-960e-11e5-8994-feff819cdc9f"
"894906c6-b6a2-4136-87d9-d7651eebe21e"	"Semantic"	"Component Integer"	"127e7274-0b88-5519-a9db-85d4b9ce6a4a"	"Active"	"2018-10-10 11:06:37.938"	"f7495b58-6630-3499-a44e-2052b5fcf06c"	"f680c868-f7e5-5d0e-91f2-615eca8f8fd2"	"1f200ca6-960e-11e5-8994-feff819cdc9f"
"f2cff058-0f60-4d7d-b364-cb38e88016bf"	"Semantic"	"Component Integer"	"d19306b1-4744-5028-a715-17ca4a4d657f"	"Active"	"2018-10-10 11:06:37.938"	"f7495b58-6630-3499-a44e-2052b5fcf06c"	"f680c868-f7e5-5d0e-91f2-615eca8f8fd2"	"1f200ca6-960e-11e5-8994-feff819cdc9f"
"0ca8a2e5-2594-4d08-88d3-ee776eefe78b"	"Semantic"	"Component Integer"	"a248fe51-70db-5a3f-9d23-9cf20afa2b4d"	"Active"	"2018-10-10 11:06:37.938"	"f7495b58-6630-3499-a44e-2052b5fcf06c"	"f680c868-f7e5-5d0e-91f2-615eca8f8fd2"	"1f200ca6-960e-11e5-8994-feff819cdc9f"
"190c63de-3912-4c62-803b-0aacd0cbc1ab"	"Semantic"	"Component Integer"	"e196e48a-760b-5cd3-b5f0-8e5b3bb49627"	"Active"	"2018-10-10 11:06:37.938"	"f7495b58-6630-3499-a44e-2052b5fcf06c"	"f680c868-f7e5-5d0e-91f2-615eca8f8fd2"	"1f200ca6-960e-11e5-8994-feff819cdc9f"
"b76b2715-cf10-4244-a923-ca910bd886b0"	"Semantic"	"Component Integer"	"81487d5f-6115-51e2-a3b3-93d783888eb8"	"Active"	"2018-10-10 11:06:37.938"	"f7495b58-6630-3499-a44e-2052b5fcf06c"	"f680c868-f7e5-5d0e-91f2-615eca8f8fd2"	"1f200ca6-960e-11e5-8994-feff819cdc9f"
"2623a27a-ce00-4416-896a-6d95c7bfb404"	"Semantic"	"Component Integer"	"81487d5f-6115-51e2-a3b3-93d783888eb8"	"Active"	"2018-10-10 11:06:37.938"	"f7495b58-6630-3499-a44e-2052b5fcf06c"	"f680c868-f7e5-5d0e-91f2-615eca8f8fd2"	"1f200ca6-960e-11e5-8994-feff819cdc9f"
"a296272b-7929-4e21-bbd1-60dad9c8faab"	"Semantic"	"Component Integer"	"81487d5f-6115-51e2-a3b3-93d783888eb8"	"Active"	"2018-10-10 11:06:37.938"	"f7495b58-6630-3499-a44e-2052b5fcf06c"	"f680c868-f7e5-5d0e-91f2-615eca8f8fd2"	"1f200ca6-960e-11e5-8994-feff819cdc9f"
"0eb77d44-76be-430c-80e5-7a4492360608"	"Semantic"	"Component Integer"	"81487d5f-6115-51e2-a3b3-93d783888eb8"	"Active"	"2018-10-10 11:06:37.938"	"f7495b58-6630-3499-a44e-2052b5fcf06c"	"f680c868-f7e5-5d0e-91f2-615eca8f8fd2"	"1f200ca6-960e-11e5-8994-feff819cdc9f"
