"UUID"	"UUID1"	"UUID2"	"UUID3"	"UUID4"	"UUID5"
"2faa9262-8fb2-11db-b606-0800200c9a66"	"680f3f6c-7a2a-365d-b527-8c9a96dd1a94"	""	""	""	""
"46bccdc4-8fb6-11db-b606-0800200c9a66"	"c93a30b9-ba77-3adb-a9b8-4589c9f8fb25"	""	""	""	""
"0418a591-f75b-39ad-be2c-3ab849326da9"	"87360947-e603-3397-804b-efd0fcc509b9"	""	""	""	""
"8bfba944-3965-3946-9bcb-1e80a5da63a2"	"d6fad981-7df6-3388-94d8-238cc0465a79"	""	""	""	""
"00791270-77c9-32b6-b34f-d932569bd2bf"	"5e1fe940-8faf-11db-b606-0800200c9a66"	""	""	""	""
"06d905ea-c647-3af9-bfe5-2514e135b558"	"45021920-9567-11e5-8994-feff819cdc9f"	""	""	""	""
"0fcf44fb-d0a7-3a67-bc9f-eb3065ed3c8e"	"45021c36-9567-11e5-8994-feff819cdc9f"	""	""	""	""
"8b23e636-a0bd-30fb-b8e2-1f77eaa3a87e"	"45021dbc-9567-11e5-8994-feff819cdc9f"	""	""	""	""
"7e462e33-6d94-38ae-a044-492a857a6853"	"45021f10-9567-11e5-8994-feff819cdc9f"	""	""	""	""
"c924b887-da88-3a72-b8ea-fa86990467c9"	"45022140-9567-11e5-8994-feff819cdc9f"	""	""	""	""
"674ad858-0224-3f90-bcf0-bc4cab753d2d"	"45022280-9567-11e5-8994-feff819cdc9f"	""	""	""	""
"e9645d95-8a1f-3825-8feb-0bc2ee825694"	"45022410-9567-11e5-8994-feff819cdc9f"	""	""	""	""
"ba2efe6b-fe56-3d91-ae0f-3b389628f74c"	"45022532-9567-11e5-8994-feff819cdc9f"	""	""	""	""
"aa789d52-2278-54cb-9a13-f41c36249f77"	"450226cc-9567-11e5-8994-feff819cdc9f"	""	""	""	""
"9784a791-8fdb-32f7-88da-74ab135fe4e3"	"45022848-9567-11e5-8994-feff819cdc9f"	""	""	""	""
"1f20134a-960e-11e5-8994-feff819cdc9f"	"2faa9260-8fb2-11db-b606-0800200c9a66"	""	""	""	""
"8aa5fda8-33e9-5eaf-88e8-dd8a024d2489"	"1f201520-960e-11e5-8994-feff819cdc9f"	""	""	""	""
"9ecc154c-e490-5cf8-805d-d2865d62aef3"	"1f2016a6-960e-11e5-8994-feff819cdc9f"	""	""	""	""
"3b0dbd3b-2e53-3a30-8576-6c7fa7773060"	"3fde38f6-e079-3cdc-a819-eda3ec74732d"	""	""	""	""
"1290e6ba-48d0-31d2-8d62-e133373c63f5"	"a4c6bf72-8fb6-11db-b606-0800200c9a66"	""	""	""	""
"ee9ac5d2-a07c-3981-a57a-f7f26baf38d8"	"a892950a-0847-300c-b477-4e3cbb945225"	""	""	""	""
"a8cb8b88-e03a-5eb8-b25b-70cdaa6abf72"	"bd83b1dd-5a82-34fa-bb52-06f666420a1c"	""	""	""	""
"19fe3efb-b841-59f0-a812-1e331b007e71"	"d678e7a6-5562-3ff1-800e-ab070e329824"	""	""	""	""
